﻿<MD_Metadata xmlns="http://www.isotc211.org/2005/gmd" xmlns:gco="http://www.isotc211.org/2005/gco" xmlns:gts="http://www.isotc211.org/2005/gts" xmlns:srv="http://www.isotc211.org/2005/srv" xmlns:gml="http://www.opengis.net/gml" xmlns:xlink="http://www.w3.org/1999/xlink" xmlns:xsi="http://www.w3.org/2001/XMLSchema-instance">
  <language>
    <LanguageCode codeList="http://www.loc.gov/standards/iso639-2/php/code_list.php" codeListValue="eng" codeSpace="ISO639-2">eng</LanguageCode>
  </language>
  <characterSet>
    <MD_CharacterSetCode codeList="http://www.isotc211.org/2005/resources/Codelist/gmxCodelists.xml#MD_CharacterSetCode" codeListValue="utf8" codeSpace="ISOTC211/19115">utf8</MD_CharacterSetCode>
  </characterSet>
  <hierarchyLevel>
    <MD_ScopeCode codeList="http://www.isotc211.org/2005/resources/Codelist/gmxCodelists.xml#MD_ScopeCode" codeListValue="dataset" codeSpace="ISOTC211/19115">dataset</MD_ScopeCode>
  </hierarchyLevel>
  <hierarchyLevelName>
    <gco:CharacterString>dataset</gco:CharacterString>
  </hierarchyLevelName>
  <contact gco:nilReason="missing" />
  <dateStamp gco:nilReason="missing" />
  <metadataStandardName>
    <gco:CharacterString>ISO 19139 Geographic Information - Metadata - Implementation Specification</gco:CharacterString>
  </metadataStandardName>
  <metadataStandardVersion>
    <gco:CharacterString>2007</gco:CharacterString>
  </metadataStandardVersion>
  <identificationInfo>
    <MD_DataIdentification>
      <citation>
        <CI_Citation>
          <title>
            <gco:CharacterString>Next Generation 9-1-1 GIS Data Template</gco:CharacterString>
          </title>
          <date gco:nilReason="missing" />
        </CI_Citation>
      </citation>
      <abstract>
        <gco:CharacterString>GIS data model template that is conformant with the NG9-1-1 Data Model Standard (NENA-STA-006.2-2022). This data template is a National Emergency Number Association (NENA) working group-approved representation of the data model outlined in NENA Standard for NG9-1-1 GIS Data Model (NENA-STA-006.2-2022)</gco:CharacterString>
      </abstract>
      <purpose>
        <gco:CharacterString>The purpose of the template is to serve as a reference implementation of the current National Emergency Number Association's NG9-1-1 GIS Data Model (NENA-STA-006.2-2022). While the template can be used as a data structure for local GIS data, it is not a requirement. An entity which builds and maintains GIS data for NG9-1-1 need only be able to transform their internally-managed GIS data into a format which matches this template in preparation for data exchange with an external entity. For more information on the specifics of each field, attribute, relationship, etc. please refer to the "NENA Standard for NG9-1-1 GIS Data Model (NENA-STA-006.2-2022)"  This standard can be found at https://www.nena.org/page/ng911gisdatamodel and database templates can be found at https://github.com/NENA911/NG911GISDataModel. This metadata is provided to give the end user a high level overview of the template.  End users who use this template are encouraged to provide their own metadata in accordance with their internal data distribution policies.</gco:CharacterString>
      </purpose>
      <credit>
        <gco:CharacterString>This template was prepared by a National Emergency Number Association (NENA) working group called the "GIS Template Working Group". The working group operated under the Data Structures Committee; a NENA committee that maintains interoperable 9-1-1 data formats.</gco:CharacterString>
      </credit>
      <descriptiveKeywords>
        <MD_Keywords>
          <keyword>
            <gco:CharacterString>NENA; GIS; Data Model</gco:CharacterString>
          </keyword>
        </MD_Keywords>
      </descriptiveKeywords>
      <language>
        <LanguageCode codeList="http://www.loc.gov/standards/iso639-2/php/code_list.php" codeListValue="eng" codeSpace="ISO639-2">eng</LanguageCode>
      </language>
      <characterSet>
        <MD_CharacterSetCode codeList="http://www.isotc211.org/2005/resources/Codelist/gmxCodelists.xml#MD_CharacterSetCode" codeListValue="utf8" codeSpace="ISOTC211/19115">utf8</MD_CharacterSetCode>
      </characterSet>
      <topicCategory>
        <MD_TopicCategoryCode>health</MD_TopicCategoryCode>
      </topicCategory>
    </MD_DataIdentification>
  </identificationInfo>
</MD_Metadata>